{
 "kind": "webfonts#webfontList",
 "items": [
  {

    "kind": "webfonts#webfont",
     "family": "ABeeZee",
     "category": "sans-serif",
     "variants": [
      "regular",
      "italic"
     ],
     "subsets": [
      "latin"
     ],
     "version": "v4",
     "lastModified": "2015-04-06",
     "files": {
      "regular": "http://fonts.gstatic.com/s/abeezee/v4/mE5BOuZKGln_Ex0uYKpIaw.ttf",
      "italic": "http://fonts.gstatic.com/s/abeezee/v4/kpplLynmYgP0YtlJA3atRw.ttf"
     }
    },

    {
     "kind": "webfonts#webfont",
     "family": "Abel",
     "category": "sans-serif",
     "variants": [
      "regular"
     ],
     "subsets": [
      "latin"
     ],
     "version": "v6",
     "lastModified": "2015-04-06",
     "files": {
      "regular": "http://fonts.gstatic.com/s/abel/v6/RpUKfqNxoyNe_ka23bzQ2A.ttf"
     }
    },

    {
     "kind": "webfonts#webfont",
     "family": "Amaranth",
     "category": "sans-serif",
     "variants": [
      "regular",
      "italic",
      "700",
      "700italic"
     ],
     "subsets": [
      "latin"
     ],
     "version": "v6",
     "lastModified": "2015-04-06",
     "files": {
      "regular": "http://fonts.gstatic.com/s/amaranth/v6/7VcBog22JBHsHXHdnnycTA.ttf",
      "italic": "http://fonts.gstatic.com/s/amaranth/v6/UrJlRY9LcVERJSvggsdBqPesZW2xOQ-xsNqO47m55DA.ttf",
      "700": "http://fonts.gstatic.com/s/amaranth/v6/j5OFHqadfxyLnQRxFeox6qCWcynf_cDxXwCLxiixG1c.ttf",
      "700italic": "http://fonts.gstatic.com/s/amaranth/v6/BHyuYFj9nqLFNvOvGh0xTwJKKGfqHaYFsRG-T3ceEVo.ttf"
     }
    },

    {
     "kind": "webfonts#webfont",
     "family": "Anonymous Pro",
     "category": "monospace",
     "variants": [
      "regular",
      "italic",
      "700",
      "700italic"
     ],
     "subsets": [
      "cyrillic",
      "latin-ext",
      "greek",
      "latin"
     ],
     "version": "v8",
     "lastModified": "2015-04-06",
     "files": {
      "regular": "http://fonts.gstatic.com/s/anonymouspro/v8/Zhfjj_gat3waL4JSju74E-V_5zh5b-_HiooIRUBwn1A.ttf",
      "italic": "http://fonts.gstatic.com/s/anonymouspro/v8/q0u6LFHwttnT_69euiDbWKwIsuKDCXG0NQm7BvAgx-c.ttf",
      "700": "http://fonts.gstatic.com/s/anonymouspro/v8/WDf5lZYgdmmKhO8E1AQud--Cz_5MeePnXDAcLNWyBME.ttf",
      "700italic": "http://fonts.gstatic.com/s/anonymouspro/v8/_fVr_XGln-cetWSUc-JpfA1LL9bfs7wyIp6F8OC9RxA.ttf"
     }
    },

    {
     "kind": "webfonts#webfont",
     "family": "Archivo Narrow",
     "category": "sans-serif",
     "variants": [
      "regular",
      "italic",
      "700",
      "700italic"
     ],
     "subsets": [
      "latin-ext",
      "latin"
     ],
     "version": "v5",
     "lastModified": "2015-04-06",
     "files": {
      "regular": "http://fonts.gstatic.com/s/archivonarrow/v5/DsLzC9scoPnrGiwYYMQXppTvAuddT2xDMbdz0mdLyZY.ttf",
      "italic": "http://fonts.gstatic.com/s/archivonarrow/v5/vqsrtPCpTU3tJlKfuXP5zUpmlyBQEFfdE6dERLXdQGQ.ttf",
      "700": "http://fonts.gstatic.com/s/archivonarrow/v5/M__Wu4PAmHf4YZvQM8tWsMLtdzs3iyjn_YuT226ZsLU.ttf",
      "700italic": "http://fonts.gstatic.com/s/archivonarrow/v5/wG6O733y5zHl4EKCOh8rSTg5KB8MNJ4uPAETq9naQO8.ttf"
     }
    },
    {
     "kind": "webfonts#webfont",
     "family": "Arimo",
     "category": "sans-serif",
     "variants": [
      "regular",
      "italic",
      "700",
      "700italic"
     ],
     "subsets": [
      "cyrillic",
      "latin-ext",
      "cyrillic-ext",
      "greek",
      "latin",
      "vietnamese",
      "greek-ext",
      "hebrew"
     ],
     "version": "v9",
     "lastModified": "2015-04-28",
     "files": {
      "regular": "http://fonts.gstatic.com/s/arimo/v9/Gpeo80g-5ji2CcyXWnzh7g.ttf",
      "italic": "http://fonts.gstatic.com/s/arimo/v9/_OdGbnX2-qQ96C4OjhyuPw.ttf",
      "700": "http://fonts.gstatic.com/s/arimo/v9/ZItXugREyvV9LnbY_gxAmw.ttf",
      "700italic": "http://fonts.gstatic.com/s/arimo/v9/__nOLWqmeXdhfr0g7GaFePesZW2xOQ-xsNqO47m55DA.ttf"
     }
    },

    {
     "kind": "webfonts#webfont",
     "family": "Arvo",
     "category": "serif",
     "variants": [
      "regular",
      "italic",
      "700",
      "700italic"
     ],
     "subsets": [
      "latin"
     ],
     "version": "v9",
     "lastModified": "2015-08-26",
     "files": {
      "regular": "http://fonts.gstatic.com/s/arvo/v9/vvWPwz-PlZEwjOOIKqoZzA.ttf",
      "italic": "http://fonts.gstatic.com/s/arvo/v9/id5a4BCjbenl5Gkqonw_Rw.ttf",
      "700": "http://fonts.gstatic.com/s/arvo/v9/OB3FDST7U38u3OjPK_vvRQ.ttf",
      "700italic": "http://fonts.gstatic.com/s/arvo/v9/Hvl2MuWoXLaCy2v6MD4Yvw.ttf"
     }
    },
    {
     "kind": "webfonts#webfont",
     "family": "Arya",
     "category": "sans-serif",
     "variants": [
      "regular",
      "700"
     ],
     "subsets": [
      "latin-ext",
      "latin",
      "devanagari"
     ],
     "version": "v1",
     "lastModified": "2015-05-21",
     "files": {
      "regular": "http://fonts.gstatic.com/s/arya/v1/xEVqtU3v8QLospHKpDaYEw.ttf",
      "700": "http://fonts.gstatic.com/s/arya/v1/N13tgOvG7VTXawiI-fJiQA.ttf"
     }
    },

    {
     "kind": "webfonts#webfont",
     "family": "Bitter",
     "category": "serif",
     "variants": [
      "regular",
      "italic",
      "700"
     ],
     "subsets": [
      "latin-ext",
      "latin"
     ],
     "version": "v7",
     "lastModified": "2015-04-06",
     "files": {
      "regular": "http://fonts.gstatic.com/s/bitter/v7/w_BNdJvVZDRmqy5aSfB2kQ.ttf",
      "italic": "http://fonts.gstatic.com/s/bitter/v7/TC0FZEVzXQIGgzmRfKPZbA.ttf",
      "700": "http://fonts.gstatic.com/s/bitter/v7/4dUtr_4BvHuoRU35suyOAg.ttf"
     }
    },
    {
     "kind": "webfonts#webfont",
     "family": "Cardo",
     "category": "serif",
     "variants": [
      "regular",
      "italic",
      "700"
     ],
     "subsets": [
      "latin-ext",
      "greek",
      "latin",
      "greek-ext"
     ],
     "version": "v8",
     "lastModified": "2015-04-06",
     "files": {
      "regular": "http://fonts.gstatic.com/s/cardo/v8/jbkF2_R0FKUEZTq5dwSknQ.ttf",
      "italic": "http://fonts.gstatic.com/s/cardo/v8/pcv4Np9tUkq0YREYUcEEJQ.ttf",
      "700": "http://fonts.gstatic.com/s/cardo/v8/lQN30weILimrKvp8rZhF1w.ttf"
     }
    },
    {
     "kind": "webfonts#webfont",
     "family": "Carme",
     "category": "sans-serif",
     "variants": [
      "regular"
     ],
     "subsets": [
      "latin"
     ],
     "version": "v7",
     "lastModified": "2015-04-06",
     "files": {
      "regular": "http://fonts.gstatic.com/s/carme/v7/08E0NP1eRBEyFRUadmMfgA.ttf"
     }
    },
    {
    "kind": "webfonts#webfont",
    "family": "Crimson Text",
    "category": "serif",
    "variants": [
     "regular",
     "italic",
     "600",
     "600italic",
     "700",
     "700italic"
    ],
    "subsets": [
     "latin"
    ],
    "version": "v6",
    "lastModified": "2015-04-06",
    "files": {
     "regular": "http://fonts.gstatic.com/s/crimsontext/v6/3IFMwfRa07i-auYR-B-zNS3USBnSvpkopQaUR-2r7iU.ttf",
     "italic": "http://fonts.gstatic.com/s/crimsontext/v6/a5QZnvmn5amyNI-t2BMkWPMZXuCXbOrAvx5R0IT5Oyo.ttf",
     "600": "http://fonts.gstatic.com/s/crimsontext/v6/rEy5tGc5HdXy56Xvd4f3I2v8CylhIUtwUiYO7Z2wXbE.ttf",
     "600italic": "http://fonts.gstatic.com/s/crimsontext/v6/4j4TR-EfnvCt43InYpUNDIR-5-urNOGAobhAyctHvW8.ttf",
     "700": "http://fonts.gstatic.com/s/crimsontext/v6/rEy5tGc5HdXy56Xvd4f3I0D2ttfZwueP-QU272T9-k4.ttf",
     "700italic": "http://fonts.gstatic.com/s/crimsontext/v6/4j4TR-EfnvCt43InYpUNDPAs9-1nE9qOqhChW0m4nDE.ttf"
    }
   },
   {
    "kind": "webfonts#webfont",
    "family": "Donegal One",
    "category": "serif",
    "variants": [
     "regular"
    ],
    "subsets": [
     "latin-ext",
     "latin"
    ],
    "version": "v4",
    "lastModified": "2015-04-06",
    "files": {
     "regular": "http://fonts.gstatic.com/s/donegalone/v4/6kN4-fDxz7T9s5U61HwfF6CWcynf_cDxXwCLxiixG1c.ttf"
    }
   },
   {
    "kind": "webfonts#webfont",
    "family": "Droid Sans",
    "category": "sans-serif",
    "variants": [
     "regular",
     "700"
    ],
    "subsets": [
     "latin"
    ],
    "version": "v6",
    "lastModified": "2015-04-06",
    "files": {
     "regular": "http://fonts.gstatic.com/s/droidsans/v6/rS9BT6-asrfjpkcV3DXf__esZW2xOQ-xsNqO47m55DA.ttf",
     "700": "http://fonts.gstatic.com/s/droidsans/v6/EFpQQyG9GqCrobXxL-KRMQJKKGfqHaYFsRG-T3ceEVo.ttf"
    }
   },
   {
    "kind": "webfonts#webfont",
    "family": "Droid Serif",
    "category": "serif",
    "variants": [
     "regular",
     "italic",
     "700",
     "700italic"
    ],
    "subsets": [
     "latin"
    ],
    "version": "v6",
    "lastModified": "2015-04-06",
    "files": {
     "regular": "http://fonts.gstatic.com/s/droidserif/v6/DgAtPy6rIVa2Zx3Xh9KaNaCWcynf_cDxXwCLxiixG1c.ttf",
     "italic": "http://fonts.gstatic.com/s/droidserif/v6/cj2hUnSRBhwmSPr9kS5890eOrDcLawS7-ssYqLr2Xp4.ttf",
     "700": "http://fonts.gstatic.com/s/droidserif/v6/QQt14e8dY39u-eYBZmppwXe1Pd76Vl7zRpE7NLJQ7XU.ttf",
     "700italic": "http://fonts.gstatic.com/s/droidserif/v6/c92rD_x0V1LslSFt3-QEps_zJjSACmk0BRPxQqhnNLU.ttf"
    }
   },
   {
    "kind": "webfonts#webfont",
    "family": "Josefin Sans",
    "category": "sans-serif",
    "variants": [
     "100",
     "100italic",
     "300",
     "300italic",
     "regular",
     "italic",
     "600",
     "600italic",
     "700",
     "700italic"
    ],
    "subsets": [
     "latin-ext",
     "latin"
    ],
    "version": "v9",
    "lastModified": "2015-04-06",
    "files": {
     "100": "http://fonts.gstatic.com/s/josefinsans/v9/q9w3H4aeBxj0hZ8Osfi3d8SVQ0giZ-l_NELu3lgGyYw.ttf",
     "100italic": "http://fonts.gstatic.com/s/josefinsans/v9/s7-P1gqRNRNn-YWdOYnAOXXcj1rQwlNLIS625o-SrL0.ttf",
     "300": "http://fonts.gstatic.com/s/josefinsans/v9/C6HYlRF50SGJq1XyXj04z6cQoVhARpoaILP7amxE_8g.ttf",
     "300italic": "http://fonts.gstatic.com/s/josefinsans/v9/ppse0J9fKSaoxCIIJb33Gyna0FLWfcB-J_SAYmcAXaI.ttf",
     "regular": "http://fonts.gstatic.com/s/josefinsans/v9/xgzbb53t8j-Mo-vYa23n5i3USBnSvpkopQaUR-2r7iU.ttf",
     "italic": "http://fonts.gstatic.com/s/josefinsans/v9/q9w3H4aeBxj0hZ8Osfi3d_MZXuCXbOrAvx5R0IT5Oyo.ttf",
     "600": "http://fonts.gstatic.com/s/josefinsans/v9/C6HYlRF50SGJq1XyXj04z2v8CylhIUtwUiYO7Z2wXbE.ttf",
     "600italic": "http://fonts.gstatic.com/s/josefinsans/v9/ppse0J9fKSaoxCIIJb33G4R-5-urNOGAobhAyctHvW8.ttf",
     "700": "http://fonts.gstatic.com/s/josefinsans/v9/C6HYlRF50SGJq1XyXj04z0D2ttfZwueP-QU272T9-k4.ttf",
     "700italic": "http://fonts.gstatic.com/s/josefinsans/v9/ppse0J9fKSaoxCIIJb33G_As9-1nE9qOqhChW0m4nDE.ttf"
    }
   },
   {
    "kind": "webfonts#webfont",
    "family": "Josefin Slab",
    "category": "serif",
    "variants": [
     "100",
     "100italic",
     "300",
     "300italic",
     "regular",
     "italic",
     "600",
     "600italic",
     "700",
     "700italic"
    ],
    "subsets": [
     "latin"
    ],
    "version": "v6",
    "lastModified": "2015-04-06",
    "files": {
     "100": "http://fonts.gstatic.com/s/josefinslab/v6/etsUjZYO8lTLU85lDhZwUsSVQ0giZ-l_NELu3lgGyYw.ttf",
     "100italic": "http://fonts.gstatic.com/s/josefinslab/v6/8BjDChqLgBF3RJKfwHIYh3Xcj1rQwlNLIS625o-SrL0.ttf",
     "300": "http://fonts.gstatic.com/s/josefinslab/v6/NbE6ykYuM2IyEwxQxOIi2KcQoVhARpoaILP7amxE_8g.ttf",
     "300italic": "http://fonts.gstatic.com/s/josefinslab/v6/af9sBoKGPbGO0r21xJulyyna0FLWfcB-J_SAYmcAXaI.ttf",
     "regular": "http://fonts.gstatic.com/s/josefinslab/v6/46aYWdgz-1oFX11flmyEfS3USBnSvpkopQaUR-2r7iU.ttf",
     "italic": "http://fonts.gstatic.com/s/josefinslab/v6/etsUjZYO8lTLU85lDhZwUvMZXuCXbOrAvx5R0IT5Oyo.ttf",
     "600": "http://fonts.gstatic.com/s/josefinslab/v6/NbE6ykYuM2IyEwxQxOIi2Gv8CylhIUtwUiYO7Z2wXbE.ttf",
     "600italic": "http://fonts.gstatic.com/s/josefinslab/v6/af9sBoKGPbGO0r21xJuly4R-5-urNOGAobhAyctHvW8.ttf",
     "700": "http://fonts.gstatic.com/s/josefinslab/v6/NbE6ykYuM2IyEwxQxOIi2ED2ttfZwueP-QU272T9-k4.ttf",
     "700italic": "http://fonts.gstatic.com/s/josefinslab/v6/af9sBoKGPbGO0r21xJuly_As9-1nE9qOqhChW0m4nDE.ttf"
    }
   },
   {
    "kind": "webfonts#webfont",
    "family": "Lato",
    "category": "sans-serif",
    "variants": [
     "100",
     "100italic",
     "300",
     "300italic",
     "regular",
     "italic",
     "700",
     "700italic",
     "900",
     "900italic"
    ],
    "subsets": [
     "latin-ext",
     "latin"
    ],
    "version": "v11",
    "lastModified": "2015-04-06",
    "files": {
     "100": "http://fonts.gstatic.com/s/lato/v11/Upp-ka9rLQmHYCsFgwL-eg.ttf",
     "100italic": "http://fonts.gstatic.com/s/lato/v11/zLegi10uS_9-fnUDISl0KA.ttf",
     "300": "http://fonts.gstatic.com/s/lato/v11/Ja02qOppOVq9jeRjWekbHg.ttf",
     "300italic": "http://fonts.gstatic.com/s/lato/v11/dVebFcn7EV7wAKwgYestUg.ttf",
     "regular": "http://fonts.gstatic.com/s/lato/v11/h7rISIcQapZBpei-sXwIwg.ttf",
     "italic": "http://fonts.gstatic.com/s/lato/v11/P_dJOFJylV3A870UIOtr0w.ttf",
     "700": "http://fonts.gstatic.com/s/lato/v11/iX_QxBBZLhNj5JHlTzHQzg.ttf",
     "700italic": "http://fonts.gstatic.com/s/lato/v11/WFcZakHrrCKeUJxHA4T_gw.ttf",
     "900": "http://fonts.gstatic.com/s/lato/v11/8TPEV6NbYWZlNsXjbYVv7w.ttf",
     "900italic": "http://fonts.gstatic.com/s/lato/v11/draWperrI7n2xi35Cl08fA.ttf"
    }
   },
   {
    "kind": "webfonts#webfont",
    "family": "Libre Baskerville",
    "category": "serif",
    "variants": [
     "regular",
     "italic",
     "700"
    ],
    "subsets": [
     "latin-ext",
     "latin"
    ],
    "version": "v4",
    "lastModified": "2015-04-06",
    "files": {
     "regular": "http://fonts.gstatic.com/s/librebaskerville/v4/pR0sBQVcY0JZc_ciXjFsKyyZRYCSvpCzQKuMWnP5NDY.ttf",
     "italic": "http://fonts.gstatic.com/s/librebaskerville/v4/QHIOz1iKF3bIEzRdDFaf5QnhapNS5Oi8FPrBRDLbsW4.ttf",
     "700": "http://fonts.gstatic.com/s/librebaskerville/v4/kH7K4InNTm7mmOXXjrA5v-xuswJKUVpBRfYFpz0W3Iw.ttf"
    }
   },
   {
    "kind": "webfonts#webfont",
    "family": "Lora",
    "category": "serif",
    "variants": [
     "regular",
     "italic",
     "700",
     "700italic"
    ],
    "subsets": [
     "cyrillic",
     "latin-ext",
     "latin"
    ],
    "version": "v9",
    "lastModified": "2015-04-06",
    "files": {
     "regular": "http://fonts.gstatic.com/s/lora/v9/aXJ7KVIGcejEy1abawZazg.ttf",
     "italic": "http://fonts.gstatic.com/s/lora/v9/AN2EZaj2tFRpyveuNn9BOg.ttf",
     "700": "http://fonts.gstatic.com/s/lora/v9/enKND5SfzQKkggBA_VnT1A.ttf",
     "700italic": "http://fonts.gstatic.com/s/lora/v9/ivs9j3kYU65pR9QD9YFdzQ.ttf"
    }
   },
   {
    "kind": "webfonts#webfont",
    "family": "Merriweather",
    "category": "serif",
    "variants": [
     "300",
     "300italic",
     "regular",
     "italic",
     "700",
     "700italic",
     "900",
     "900italic"
    ],
    "subsets": [
     "latin-ext",
     "latin"
    ],
    "version": "v8",
    "lastModified": "2015-04-06",
    "files": {
     "300": "http://fonts.gstatic.com/s/merriweather/v8/ZvcMqxEwPfh2qDWBPxn6nqcQoVhARpoaILP7amxE_8g.ttf",
     "300italic": "http://fonts.gstatic.com/s/merriweather/v8/EYh7Vl4ywhowqULgRdYwICna0FLWfcB-J_SAYmcAXaI.ttf",
     "regular": "http://fonts.gstatic.com/s/merriweather/v8/RFda8w1V0eDZheqfcyQ4EC3USBnSvpkopQaUR-2r7iU.ttf",
     "italic": "http://fonts.gstatic.com/s/merriweather/v8/So5lHxHT37p2SS4-t60SlPMZXuCXbOrAvx5R0IT5Oyo.ttf",
     "700": "http://fonts.gstatic.com/s/merriweather/v8/ZvcMqxEwPfh2qDWBPxn6nkD2ttfZwueP-QU272T9-k4.ttf",
     "700italic": "http://fonts.gstatic.com/s/merriweather/v8/EYh7Vl4ywhowqULgRdYwIPAs9-1nE9qOqhChW0m4nDE.ttf",
     "900": "http://fonts.gstatic.com/s/merriweather/v8/ZvcMqxEwPfh2qDWBPxn6nqObDOjC3UL77puoeHsE3fw.ttf",
     "900italic": "http://fonts.gstatic.com/s/merriweather/v8/EYh7Vl4ywhowqULgRdYwIBd0_s6jQr9r5s5OZYvtzBY.ttf"
    }
   },
   {
    "kind": "webfonts#webfont",
    "family": "Merriweather Sans",
    "category": "sans-serif",
    "variants": [
     "300",
     "300italic",
     "regular",
     "italic",
     "700",
     "700italic",
     "800",
     "800italic"
    ],
    "subsets": [
     "latin-ext",
     "latin"
    ],
    "version": "v5",
    "lastModified": "2015-04-06",
    "files": {
     "300": "http://fonts.gstatic.com/s/merriweathersans/v5/6LmGj5dOJopQKEkt88Gowan5N8K-_DP0e9e_v51obXQ.ttf",
     "300italic": "http://fonts.gstatic.com/s/merriweathersans/v5/nAqt4hiqwq3tzCecpgPmVdytE4nGXk2hYD5nJ740tBw.ttf",
     "regular": "http://fonts.gstatic.com/s/merriweathersans/v5/AKu1CjQ4qnV8MUltkAX3sOAj_ty82iuwwDTNEYXGiyQ.ttf",
     "italic": "http://fonts.gstatic.com/s/merriweathersans/v5/3Mz4hOHzs2npRMG3B1ascZ32VBCoA_HLsn85tSWZmdo.ttf",
     "700": "http://fonts.gstatic.com/s/merriweathersans/v5/6LmGj5dOJopQKEkt88GowbqxG25nQNOioCZSK4sU-CA.ttf",
     "700italic": "http://fonts.gstatic.com/s/merriweathersans/v5/nAqt4hiqwq3tzCecpgPmVbuqAJxizi8Dk_SK5et7kMg.ttf",
     "800": "http://fonts.gstatic.com/s/merriweathersans/v5/6LmGj5dOJopQKEkt88GowYufzO2zUYSj5LqoJ3UGkco.ttf",
     "800italic": "http://fonts.gstatic.com/s/merriweathersans/v5/nAqt4hiqwq3tzCecpgPmVdDmPrYMy3aZO4LmnZsxTQw.ttf"
    }
   },
   {
    "kind": "webfonts#webfont",
    "family": "Montserrat",
    "category": "sans-serif",
    "variants": [
     "regular",
     "700"
    ],
    "subsets": [
     "latin"
    ],
    "version": "v6",
    "lastModified": "2015-04-06",
    "files": {
     "regular": "http://fonts.gstatic.com/s/montserrat/v6/Kqy6-utIpx_30Xzecmeo8_esZW2xOQ-xsNqO47m55DA.ttf",
     "700": "http://fonts.gstatic.com/s/montserrat/v6/IQHow_FEYlDC4Gzy_m8fcgJKKGfqHaYFsRG-T3ceEVo.ttf"
    }
   },
   {
    "kind": "webfonts#webfont",
    "family": "Old Standard TT",
    "category": "serif",
    "variants": [
     "regular",
     "italic",
     "700"
    ],
    "subsets": [
     "latin"
    ],
    "version": "v7",
    "lastModified": "2015-04-06",
    "files": {
     "regular": "http://fonts.gstatic.com/s/oldstandardtt/v7/n6RTCDcIPWSE8UNBa4k-DLcB5jyhm1VsHs65c3QNDr0.ttf",
     "italic": "http://fonts.gstatic.com/s/oldstandardtt/v7/QQT_AUSp4AV4dpJfIN7U5PWrQzeMtsHf8QsWQ2cZg3c.ttf",
     "700": "http://fonts.gstatic.com/s/oldstandardtt/v7/5Ywdce7XEbTSbxs__4X1_HJqbZqK7TdZ58X80Q_Lw8Y.ttf"
    }
   },
   {
    "kind": "webfonts#webfont",
    "family": "Oldenburg",
    "category": "display",
    "variants": [
     "regular"
    ],
    "subsets": [
     "latin-ext",
     "latin"
    ],
    "version": "v4",
    "lastModified": "2015-04-06",
    "files": {
     "regular": "http://fonts.gstatic.com/s/oldenburg/v4/dqA_M_uoCVXZbCO-oKBTnQ.ttf"
    }
   },
   {
    "kind": "webfonts#webfont",
    "family": "Open Sans",
    "category": "sans-serif",
    "variants": [
     "300",
     "300italic",
     "regular",
     "italic",
     "600",
     "600italic",
     "700",
     "700italic",
     "800",
     "800italic"
    ],
    "subsets": [
     "cyrillic",
     "latin-ext",
     "cyrillic-ext",
     "greek",
     "latin",
     "vietnamese",
     "greek-ext"
    ],
    "version": "v13",
    "lastModified": "2015-05-18",
    "files": {
     "300": "http://fonts.gstatic.com/s/opensans/v13/DXI1ORHCpsQm3Vp6mXoaTS3USBnSvpkopQaUR-2r7iU.ttf",
     "300italic": "http://fonts.gstatic.com/s/opensans/v13/PRmiXeptR36kaC0GEAetxi9-WlPSxbfiI49GsXo3q0g.ttf",
     "regular": "http://fonts.gstatic.com/s/opensans/v13/IgZJs4-7SA1XX_edsoXWog.ttf",
     "italic": "http://fonts.gstatic.com/s/opensans/v13/O4NhV7_qs9r9seTo7fnsVKCWcynf_cDxXwCLxiixG1c.ttf",
     "600": "http://fonts.gstatic.com/s/opensans/v13/MTP_ySUJH_bn48VBG8sNSi3USBnSvpkopQaUR-2r7iU.ttf",
     "600italic": "http://fonts.gstatic.com/s/opensans/v13/PRmiXeptR36kaC0GEAetxpZ7xm-Bj30Bj2KNdXDzSZg.ttf",
     "700": "http://fonts.gstatic.com/s/opensans/v13/k3k702ZOKiLJc3WVjuplzC3USBnSvpkopQaUR-2r7iU.ttf",
     "700italic": "http://fonts.gstatic.com/s/opensans/v13/PRmiXeptR36kaC0GEAetxne1Pd76Vl7zRpE7NLJQ7XU.ttf",
     "800": "http://fonts.gstatic.com/s/opensans/v13/EInbV5DfGHOiMmvb1Xr-hi3USBnSvpkopQaUR-2r7iU.ttf",
     "800italic": "http://fonts.gstatic.com/s/opensans/v13/PRmiXeptR36kaC0GEAetxg89PwPrYLaRFJ-HNCU9NbA.ttf"
    }
   },
   {
    "kind": "webfonts#webfont",
    "family": "Open Sans Condensed",
    "category": "sans-serif",
    "variants": [
     "300",
     "300italic",
     "700"
    ],
    "subsets": [
     "cyrillic",
     "latin-ext",
     "cyrillic-ext",
     "greek",
     "latin",
     "vietnamese",
     "greek-ext"
    ],
    "version": "v10",
    "lastModified": "2015-04-06",
    "files": {
     "300": "http://fonts.gstatic.com/s/opensanscondensed/v10/gk5FxslNkTTHtojXrkp-xEMwSSh38KQVJx4ABtsZTnA.ttf",
     "300italic": "http://fonts.gstatic.com/s/opensanscondensed/v10/jIXlqT1WKafUSwj6s9AzV4_LkTZ_uhAwfmGJ084hlvM.ttf",
     "700": "http://fonts.gstatic.com/s/opensanscondensed/v10/gk5FxslNkTTHtojXrkp-xBEM87DM3yorPOrvA-vB930.ttf"
    }
   },
   {
    "kind": "webfonts#webfont",
    "family": "PT Sans",
    "category": "sans-serif",
    "variants": [
     "regular",
     "italic",
     "700",
     "700italic"
    ],
    "subsets": [
     "cyrillic",
     "latin-ext",
     "cyrillic-ext",
     "latin"
    ],
    "version": "v8",
    "lastModified": "2015-04-06",
    "files": {
     "regular": "http://fonts.gstatic.com/s/ptsans/v8/UFoEz2uiuMypUGZL1NKoeg.ttf",
     "italic": "http://fonts.gstatic.com/s/ptsans/v8/yls9EYWOd496wiu7qzfgNg.ttf",
     "700": "http://fonts.gstatic.com/s/ptsans/v8/F51BEgHuR0tYHxF0bD4vwvesZW2xOQ-xsNqO47m55DA.ttf",
     "700italic": "http://fonts.gstatic.com/s/ptsans/v8/lILlYDvubYemzYzN7GbLkC3USBnSvpkopQaUR-2r7iU.ttf"
    }
   },
   {
    "kind": "webfonts#webfont",
    "family": "PT Sans Caption",
    "category": "sans-serif",
    "variants": [
     "regular",
     "700"
    ],
    "subsets": [
     "cyrillic",
     "latin-ext",
     "cyrillic-ext",
     "latin"
    ],
    "version": "v9",
    "lastModified": "2015-04-06",
    "files": {
     "regular": "http://fonts.gstatic.com/s/ptsanscaption/v9/OXYTDOzBcXU8MTNBvBHeSW8by34Z3mUMtM-o4y-SHCY.ttf",
     "700": "http://fonts.gstatic.com/s/ptsanscaption/v9/Q-gJrFokeE7JydPpxASt25tc0eyfI4QDEsobEEpk_hA.ttf"
    }
   },
   {
    "kind": "webfonts#webfont",
    "family": "PT Sans Narrow",
    "category": "sans-serif",
    "variants": [
     "regular",
     "700"
    ],
    "subsets": [
     "cyrillic",
     "latin-ext",
     "cyrillic-ext",
     "latin"
    ],
    "version": "v7",
    "lastModified": "2015-04-06",
    "files": {
     "regular": "http://fonts.gstatic.com/s/ptsansnarrow/v7/UyYrYy3ltEffJV9QueSi4ZTvAuddT2xDMbdz0mdLyZY.ttf",
     "700": "http://fonts.gstatic.com/s/ptsansnarrow/v7/Q_pTky3Sc3ubRibGToTAYsLtdzs3iyjn_YuT226ZsLU.ttf"
    }
   },
   {
    "kind": "webfonts#webfont",
    "family": "PT Serif",
    "category": "serif",
    "variants": [
     "regular",
     "italic",
     "700",
     "700italic"
    ],
    "subsets": [
     "cyrillic",
     "latin-ext",
     "cyrillic-ext",
     "latin"
    ],
    "version": "v8",
    "lastModified": "2015-04-06",
    "files": {
     "regular": "http://fonts.gstatic.com/s/ptserif/v8/sAo427rn3-QL9sWCbMZXhA.ttf",
     "italic": "http://fonts.gstatic.com/s/ptserif/v8/9khWhKzhpkH0OkNnBKS3n_esZW2xOQ-xsNqO47m55DA.ttf",
     "700": "http://fonts.gstatic.com/s/ptserif/v8/kyZw18tqQ5if-_wpmxxOeKCWcynf_cDxXwCLxiixG1c.ttf",
     "700italic": "http://fonts.gstatic.com/s/ptserif/v8/Foydq9xJp--nfYIx2TBz9QJKKGfqHaYFsRG-T3ceEVo.ttf"
    }
   },
   {
    "kind": "webfonts#webfont",
    "family": "Pacifico",
    "category": "handwriting",
    "variants": [
     "regular"
    ],
    "subsets": [
     "latin"
    ],
    "version": "v7",
    "lastModified": "2015-04-06",
    "files": {
     "regular": "http://fonts.gstatic.com/s/pacifico/v7/GIrpeRY1r5CzbfL8r182lw.ttf"
    }
   },
   {
    "kind": "webfonts#webfont",
    "family": "Poppins",
    "category": "sans-serif",
    "variants": [
     "300",
     "regular",
     "500",
     "600",
     "700"
    ],
    "subsets": [
     "latin-ext",
     "latin",
     "devanagari"
    ],
    "version": "v1",
    "lastModified": "2015-06-03",
    "files": {
     "300": "http://fonts.gstatic.com/s/poppins/v1/VIeViZ2fPtYBt3B2fQZplvesZW2xOQ-xsNqO47m55DA.ttf",
     "regular": "http://fonts.gstatic.com/s/poppins/v1/hlvAxH6aIdOjWlLzgm0jqg.ttf",
     "500": "http://fonts.gstatic.com/s/poppins/v1/4WGKlFyjcmCFVl8pRsgZ9vesZW2xOQ-xsNqO47m55DA.ttf",
     "600": "http://fonts.gstatic.com/s/poppins/v1/-zOABrCWORC3lyDh-ajNnPesZW2xOQ-xsNqO47m55DA.ttf",
     "700": "http://fonts.gstatic.com/s/poppins/v1/8JitanEsk5aDh7mDYs-fYfesZW2xOQ-xsNqO47m55DA.ttf"
    }
   },
   {
    "kind": "webfonts#webfont",
    "family": "Raleway",
    "category": "sans-serif",
    "variants": [
     "100",
     "200",
     "300",
     "regular",
     "500",
     "600",
     "700",
     "800",
     "900"
    ],
    "subsets": [
     "latin"
    ],
    "version": "v9",
    "lastModified": "2015-04-06",
    "files": {
     "100": "http://fonts.gstatic.com/s/raleway/v9/UDfD6oxBaBnmFJwQ7XAFNw.ttf",
     "200": "http://fonts.gstatic.com/s/raleway/v9/LAQwev4hdCtYkOYX4Oc7nPesZW2xOQ-xsNqO47m55DA.ttf",
     "300": "http://fonts.gstatic.com/s/raleway/v9/2VvSZU2kb4DZwFfRM4fLQPesZW2xOQ-xsNqO47m55DA.ttf",
     "regular": "http://fonts.gstatic.com/s/raleway/v9/_dCzxpXzIS3sL-gdJWAP8A.ttf",
     "500": "http://fonts.gstatic.com/s/raleway/v9/348gn6PEmbLDWlHbbV15d_esZW2xOQ-xsNqO47m55DA.ttf",
     "600": "http://fonts.gstatic.com/s/raleway/v9/M7no6oPkwKYJkedjB1wqEvesZW2xOQ-xsNqO47m55DA.ttf",
     "700": "http://fonts.gstatic.com/s/raleway/v9/VGEV9-DrblisWOWLbK-1XPesZW2xOQ-xsNqO47m55DA.ttf",
     "800": "http://fonts.gstatic.com/s/raleway/v9/mMh0JrsYMXcLO69jgJwpUvesZW2xOQ-xsNqO47m55DA.ttf",
     "900": "http://fonts.gstatic.com/s/raleway/v9/ajQQGcDBLcyLpaUfD76UuPesZW2xOQ-xsNqO47m55DA.ttf"
    }
   },
   {
    "kind": "webfonts#webfont",
    "family": "Roboto",
    "category": "sans-serif",
    "variants": [
     "100",
     "100italic",
     "300",
     "300italic",
     "regular",
     "italic",
     "500",
     "500italic",
     "700",
     "700italic",
     "900",
     "900italic"
    ],
    "subsets": [
     "cyrillic",
     "latin-ext",
     "cyrillic-ext",
     "greek",
     "latin",
     "vietnamese",
     "greek-ext"
    ],
    "version": "v15",
    "lastModified": "2015-04-06",
    "files": {
     "100": "http://fonts.gstatic.com/s/roboto/v15/7MygqTe2zs9YkP0adA9QQQ.ttf",
     "100italic": "http://fonts.gstatic.com/s/roboto/v15/T1xnudodhcgwXCmZQ490TPesZW2xOQ-xsNqO47m55DA.ttf",
     "300": "http://fonts.gstatic.com/s/roboto/v15/dtpHsbgPEm2lVWciJZ0P-A.ttf",
     "300italic": "http://fonts.gstatic.com/s/roboto/v15/iE8HhaRzdhPxC93dOdA056CWcynf_cDxXwCLxiixG1c.ttf",
     "regular": "http://fonts.gstatic.com/s/roboto/v15/W5F8_SL0XFawnjxHGsZjJA.ttf",
     "italic": "http://fonts.gstatic.com/s/roboto/v15/hcKoSgxdnKlbH5dlTwKbow.ttf",
     "500": "http://fonts.gstatic.com/s/roboto/v15/Uxzkqj-MIMWle-XP2pDNAA.ttf",
     "500italic": "http://fonts.gstatic.com/s/roboto/v15/daIfzbEw-lbjMyv4rMUUTqCWcynf_cDxXwCLxiixG1c.ttf",
     "700": "http://fonts.gstatic.com/s/roboto/v15/bdHGHleUa-ndQCOrdpfxfw.ttf",
     "700italic": "http://fonts.gstatic.com/s/roboto/v15/owYYXKukxFDFjr0ZO8NXh6CWcynf_cDxXwCLxiixG1c.ttf",
     "900": "http://fonts.gstatic.com/s/roboto/v15/H1vB34nOKWXqzKotq25pcg.ttf",
     "900italic": "http://fonts.gstatic.com/s/roboto/v15/b9PWBSMHrT2zM5FgUdtu0aCWcynf_cDxXwCLxiixG1c.ttf"
    }
   },
   {
    "kind": "webfonts#webfont",
    "family": "Roboto Condensed",
    "category": "sans-serif",
    "variants": [
     "300",
     "300italic",
     "regular",
     "italic",
     "700",
     "700italic"
    ],
    "subsets": [
     "cyrillic",
     "latin-ext",
     "cyrillic-ext",
     "greek",
     "latin",
     "vietnamese",
     "greek-ext"
    ],
    "version": "v13",
    "lastModified": "2015-04-06",
    "files": {
     "300": "http://fonts.gstatic.com/s/robotocondensed/v13/b9QBgL0iMZfDSpmcXcE8nJRhFVcex_hajThhFkHyhYk.ttf",
     "300italic": "http://fonts.gstatic.com/s/robotocondensed/v13/mg0cGfGRUERshzBlvqxeAPYa9bgCHecWXGgisnodcS0.ttf",
     "regular": "http://fonts.gstatic.com/s/robotocondensed/v13/Zd2E9abXLFGSr9G3YK2MsKDbm6fPDOZJsR8PmdG62gY.ttf",
     "italic": "http://fonts.gstatic.com/s/robotocondensed/v13/BP5K8ZAJv9qEbmuFp8RpJY_eiqgTfYGaH0bJiUDZ5GA.ttf",
     "700": "http://fonts.gstatic.com/s/robotocondensed/v13/b9QBgL0iMZfDSpmcXcE8nPOYkGiSOYDq_T7HbIOV1hA.ttf",
     "700italic": "http://fonts.gstatic.com/s/robotocondensed/v13/mg0cGfGRUERshzBlvqxeAE2zk2RGRC3SlyyLLQfjS_8.ttf"
    }
   },
   {
    "kind": "webfonts#webfont",
    "family": "Roboto Mono",
    "category": "monospace",
    "variants": [
     "100",
     "100italic",
     "300",
     "300italic",
     "regular",
     "italic",
     "500",
     "500italic",
     "700",
     "700italic"
    ],
    "subsets": [
     "cyrillic",
     "latin-ext",
     "cyrillic-ext",
     "greek",
     "latin",
     "vietnamese",
     "greek-ext"
    ],
    "version": "v4",
    "lastModified": "2015-05-28",
    "files": {
     "100": "http://fonts.gstatic.com/s/robotomono/v4/aOIeRp72J9_Hp_8KwQ9M-YAWxXGWZ3yJw6KhWS7MxOk.ttf",
     "100italic": "http://fonts.gstatic.com/s/robotomono/v4/rqQ1zSE-ZGCKVZgew-A9dgyDtfpXZi-8rXUZYR4dumU.ttf",
     "300": "http://fonts.gstatic.com/s/robotomono/v4/N4duVc9C58uwPiY8_59Fzy9-WlPSxbfiI49GsXo3q0g.ttf",
     "300italic": "http://fonts.gstatic.com/s/robotomono/v4/1OsMuiiO6FCF2x67vzDKA2o9eWDfYYxG3A176Zl7aIg.ttf",
     "regular": "http://fonts.gstatic.com/s/robotomono/v4/eJ4cxQe85Lo39t-LVoKa26CWcynf_cDxXwCLxiixG1c.ttf",
     "italic": "http://fonts.gstatic.com/s/robotomono/v4/mE0EPT_93c7f86_WQexR3EeOrDcLawS7-ssYqLr2Xp4.ttf",
     "500": "http://fonts.gstatic.com/s/robotomono/v4/N4duVc9C58uwPiY8_59Fz8CNfqCYlB_eIx7H1TVXe60.ttf",
     "500italic": "http://fonts.gstatic.com/s/robotomono/v4/1OsMuiiO6FCF2x67vzDKA2nWRcJAYo5PSCx8UfGMHCI.ttf",
     "700": "http://fonts.gstatic.com/s/robotomono/v4/N4duVc9C58uwPiY8_59Fz3e1Pd76Vl7zRpE7NLJQ7XU.ttf",
     "700italic": "http://fonts.gstatic.com/s/robotomono/v4/1OsMuiiO6FCF2x67vzDKA8_zJjSACmk0BRPxQqhnNLU.ttf"
    }
   },
   {
    "kind": "webfonts#webfont",
    "family": "Roboto Slab",
    "category": "serif",
    "variants": [
     "100",
     "300",
     "regular",
     "700"
    ],
    "subsets": [
     "cyrillic",
     "latin-ext",
     "cyrillic-ext",
     "greek",
     "latin",
     "vietnamese",
     "greek-ext"
    ],
    "version": "v6",
    "lastModified": "2015-04-06",
    "files": {
     "100": "http://fonts.gstatic.com/s/robotoslab/v6/MEz38VLIFL-t46JUtkIEgIAWxXGWZ3yJw6KhWS7MxOk.ttf",
     "300": "http://fonts.gstatic.com/s/robotoslab/v6/dazS1PrQQuCxC3iOAJFEJS9-WlPSxbfiI49GsXo3q0g.ttf",
     "regular": "http://fonts.gstatic.com/s/robotoslab/v6/3__ulTNA7unv0UtplybPiqCWcynf_cDxXwCLxiixG1c.ttf",
     "700": "http://fonts.gstatic.com/s/robotoslab/v6/dazS1PrQQuCxC3iOAJFEJXe1Pd76Vl7zRpE7NLJQ7XU.ttf"
    }
   },
   {
    "kind": "webfonts#webfont",
    "family": "Ubuntu",
    "category": "sans-serif",
    "variants": [
     "300",
     "300italic",
     "regular",
     "italic",
     "500",
     "500italic",
     "700",
     "700italic"
    ],
    "subsets": [
     "cyrillic",
     "latin-ext",
     "cyrillic-ext",
     "greek",
     "latin",
     "greek-ext"
    ],
    "version": "v8",
    "lastModified": "2015-08-26",
    "files": {
     "300": "http://fonts.gstatic.com/s/ubuntu/v8/7-wH0j2QCTHKgp7vLh9-sQ.ttf",
     "300italic": "http://fonts.gstatic.com/s/ubuntu/v8/j-TYDdXcC_eQzhhp386SjaCWcynf_cDxXwCLxiixG1c.ttf",
     "regular": "http://fonts.gstatic.com/s/ubuntu/v8/lhhB5ZCwEkBRbHMSnYuKyA.ttf",
     "italic": "http://fonts.gstatic.com/s/ubuntu/v8/b9hP8wd30SygxZjGGk4DCQ.ttf",
     "500": "http://fonts.gstatic.com/s/ubuntu/v8/bMbHEMwSUmkzcK2x_74QbA.ttf",
     "500italic": "http://fonts.gstatic.com/s/ubuntu/v8/NWdMogIO7U6AtEM4dDdf_aCWcynf_cDxXwCLxiixG1c.ttf",
     "700": "http://fonts.gstatic.com/s/ubuntu/v8/B7BtHjNYwAp3HgLNagENOQ.ttf",
     "700italic": "http://fonts.gstatic.com/s/ubuntu/v8/pqisLQoeO9YTDCNnlQ9bf6CWcynf_cDxXwCLxiixG1c.ttf"
    }
   },
   {
    "kind": "webfonts#webfont",
    "family": "Varela",
    "category": "sans-serif",
    "variants": [
     "regular"
    ],
    "subsets": [
     "latin-ext",
     "latin"
    ],
    "version": "v7",
    "lastModified": "2015-04-06",
    "files": {
     "regular": "http://fonts.gstatic.com/s/varela/v7/ON7qs0cKUUixhhDFXlZUjw.ttf"
    }
   },
   {
    "kind": "webfonts#webfont",
    "family": "Varela Round",
    "category": "sans-serif",
    "variants": [
     "regular"
    ],
    "subsets": [
     "latin"
    ],
    "version": "v6",
    "lastModified": "2015-04-06",
    "files": {
     "regular": "http://fonts.gstatic.com/s/varelaround/v6/APH4jr0uSos5wiut5cpjri3USBnSvpkopQaUR-2r7iU.ttf"
    }
   },
   {
    "kind": "webfonts#webfont",
    "family": "Vollkorn",
    "category": "serif",
    "variants": [
     "regular",
     "italic",
     "700",
     "700italic"
    ],
    "subsets": [
     "latin"
    ],
    "version": "v6",
    "lastModified": "2015-04-06",
    "files": {
     "regular": "http://fonts.gstatic.com/s/vollkorn/v6/IiexqYAeh8uII223thYx3w.ttf",
     "italic": "http://fonts.gstatic.com/s/vollkorn/v6/UuIzosgR1ovBhJFdwVp3fvesZW2xOQ-xsNqO47m55DA.ttf",
     "700": "http://fonts.gstatic.com/s/vollkorn/v6/gOwQjJVGXlDOONC12hVoBqCWcynf_cDxXwCLxiixG1c.ttf",
     "700italic": "http://fonts.gstatic.com/s/vollkorn/v6/KNiAlx6phRqXCwnZZG51JAJKKGfqHaYFsRG-T3ceEVo.ttf"
    }
   },

  {
}

]
}
